{
  "sequence_length": 60,
  "features": [
    "open",
    "high",
    "low",
    "close"
  ],
  "hidden_size": 256,
  "num_layers": 3,
  "metrics": {
    "MAE": 0.0008668701112880997,
    "MSE": 1.364380730350157e-06,
    "RMSE": 0.001168067091544898,
    "R2": 0.9639550815401371,
    "MAPE": 0.07463104909449939
  }
}